Workbook

Sheet Summary
A1: Project | B1: Project name
A2: Document
A3: Generated | B3: 2026-06-10
A4: Author | B4: GPP QA Team
A6: Sub-module | B6: Stories | C6: Test Cases | D6: In Scope | E6: Passed | F6: Failed | G6: Pending | H6: Blocked | I6: Not test | J6: Blank | K6: % Progress | L6: % Pass Rate
A7: Sub-module name 1 | B7: 7 | C7: ='a. Access Management'!F1 -> 0 | D7: =C7-I7 -> 0 | E7: =COUNTIF('a. Access Management'!L:L,"Passed") -> 0 | F7: =COUNTIF('a. Access Management'!L:L,"Failed") -> 0 | G7: =COUNTIF('a. Access Management'!L:L,"Pending") -> 0 | H7: =COUNTIF('a. Access Management'!L:L,"Blocked") -> 0 | I7: =COUNTIF('a. Access Management'!L:L,"Not test") -> 0 | J7: =COUNTIFS('a. Access Management'!B:B,"TC-*",'a. Access Management'!L:L,"") -> 0 | K7: =IF(D7=0,"N/A",(E7+F7+H7)/D7) -> N/A | L7: =IF(D7=0,"N/A",E7/D7) -> N/A
A8: Sub-module name 2 | B8: 5 | C8: =#REF! -> #REF! | D8: =C8-I8 -> #REF! | E8: =COUNTIF(#REF!,"Passed") -> #REF! | F8: =COUNTIF(#REF!,"Failed") -> #REF! | G8: =COUNTIF(#REF!,"Pending") -> #REF! | H8: =COUNTIF(#REF!,"Blocked") -> #REF! | I8: =COUNTIF(#REF!,"Not test") -> #REF! | J8: =COUNTIFS(#REF!,"TC-*",#REF!,"") -> #REF! | K8: =IF(D8=0,"N/A",(E8+F8+H8)/D8) -> #REF! | L8: =IF(D8=0,"N/A",E8/D8) -> #REF!
A9: Sub-module name 3 | B9: 7 | C9: =#REF! -> #REF! | D9: =C9-I9 -> #REF! | E9: =COUNTIF(#REF!,"Passed") -> #REF! | F9: =COUNTIF(#REF!,"Failed") -> #REF! | G9: =COUNTIF(#REF!,"Pending") -> #REF! | H9: =COUNTIF(#REF!,"Blocked") -> #REF! | I9: =COUNTIF(#REF!,"Not test") -> #REF! | J9: =COUNTIFS(#REF!,"TC-*",#REF!,"") -> #REF! | K9: =IF(D9=0,"N/A",(E9+F9+H9)/D9) -> #REF! | L9: =IF(D9=0,"N/A",E9/D9) -> #REF!
A10: Sub-module name 4 | B10: 7 | C10: =#REF! -> #REF! | D10: =C10-I10 -> #REF! | E10: =COUNTIF(#REF!,"Passed") -> #REF! | F10: =COUNTIF(#REF!,"Failed") -> #REF! | G10: =COUNTIF(#REF!,"Pending") -> #REF! | H10: =COUNTIF(#REF!,"Blocked") -> #REF! | I10: =COUNTIF(#REF!,"Not test") -> #REF! | J10: =COUNTIFS(#REF!,"TC-*",#REF!,"") -> #REF! | K10: =IF(D10=0,"N/A",(E10+F10+H10)/D10) -> #REF! | L10: =IF(D10=0,"N/A",E10/D10) -> #REF!
A11: Sub-module name 5 | B11: 6 | C11: =#REF! -> #REF! | D11: =C11-I11 -> #REF! | E11: =COUNTIF(#REF!,"Passed") -> #REF! | F11: =COUNTIF(#REF!,"Failed") -> #REF! | G11: =COUNTIF(#REF!,"Pending") -> #REF! | H11: =COUNTIF(#REF!,"Blocked") -> #REF! | I11: =COUNTIF(#REF!,"Not test") -> #REF! | J11: =COUNTIFS(#REF!,"TC-*",#REF!,"") -> #REF! | K11: =IF(D11=0,"N/A",(E11+F11+H11)/D11) -> #REF! | L11: =IF(D11=0,"N/A",E11/D11) -> #REF!
A12: Sub-module name 6 | B12: 13 | C12: =#REF! -> #REF! | D12: =C12-I12 -> #REF! | E12: =COUNTIF(#REF!,"Passed") -> #REF! | F12: =COUNTIF(#REF!,"Failed") -> #REF! | G12: =COUNTIF(#REF!,"Pending") -> #REF! | H12: =COUNTIF(#REF!,"Blocked") -> #REF! | I12: =COUNTIF(#REF!,"Not test") -> #REF! | J12: =COUNTIFS(#REF!,"TC-*",#REF!,"") -> #REF! | K12: =IF(D12=0,"N/A",(E12+F12+H12)/D12) -> #REF! | L12: =IF(D12=0,"N/A",E12/D12) -> #REF!
A13: Sub-module name 7 | B13: 5 | C13: =#REF! -> #REF! | D13: =C13-I13 -> #REF! | E13: =COUNTIF(#REF!,"Passed") -> #REF! | F13: =COUNTIF(#REF!,"Failed") -> #REF! | G13: =COUNTIF(#REF!,"Pending") -> #REF! | H13: =COUNTIF(#REF!,"Blocked") -> #REF! | I13: =COUNTIF(#REF!,"Not test") -> #REF! | J13: =COUNTIFS(#REF!,"TC-*",#REF!,"") -> #REF! | K13: =IF(D13=0,"N/A",(E13+F13+H13)/D13) -> #REF! | L13: =IF(D13=0,"N/A",E13/D13) -> #REF!
A14: Sub-module name 8 | B14: 5 | C14: =#REF! -> #REF! | D14: =C14-I14 -> #REF! | E14: =COUNTIF(#REF!,"Passed") -> #REF! | F14: =COUNTIF(#REF!,"Failed") -> #REF! | G14: =COUNTIF(#REF!,"Pending") -> #REF! | H14: =COUNTIF(#REF!,"Blocked") -> #REF! | I14: =COUNTIF(#REF!,"Not test") -> #REF! | J14: =COUNTIFS(#REF!,"TC-*",#REF!,"") -> #REF! | K14: =IF(D14=0,"N/A",(E14+F14+H14)/D14) -> #REF! | L14: =IF(D14=0,"N/A",E14/D14) -> #REF!
A15: Sub-module name 9 | B15: 11 | C15: =#REF! -> #REF! | D15: =C15-I15 -> #REF! | E15: =COUNTIF(#REF!,"Passed") -> #REF! | F15: =COUNTIF(#REF!,"Failed") -> #REF! | G15: =COUNTIF(#REF!,"Pending") -> #REF! | H15: =COUNTIF(#REF!,"Blocked") -> #REF! | I15: =COUNTIF(#REF!,"Not test") -> #REF! | J15: =COUNTIFS(#REF!,"TC-*",#REF!,"") -> #REF! | K15: =IF(D15=0,"N/A",(E15+F15+H15)/D15) -> #REF! | L15: =IF(D15=0,"N/A",E15/D15) -> #REF!
A16: Sub-module name 10 | B16: 9 | C16: =#REF! -> #REF! | D16: =C16-I16 -> #REF! | E16: =COUNTIF(#REF!,"Passed") -> #REF! | F16: =COUNTIF(#REF!,"Failed") -> #REF! | G16: =COUNTIF(#REF!,"Pending") -> #REF! | H16: =COUNTIF(#REF!,"Blocked") -> #REF! | I16: =COUNTIF(#REF!,"Not test") -> #REF! | J16: =COUNTIFS(#REF!,"TC-*",#REF!,"") -> #REF! | K16: =IF(D16=0,"N/A",(E16+F16+H16)/D16) -> #REF! | L16: =IF(D16=0,"N/A",E16/D16) -> #REF!
A17: TOTAL | B17: 75 | C17: =SUM(C7:C16) -> #REF! | D17: =SUM(D7:D16) -> #REF! | E17: =SUM(E7:E16) -> #REF! | F17: =SUM(F7:F16) -> #REF! | G17: =SUM(G7:G16) -> #REF! | H17: =SUM(H7:H16) -> #REF! | I17: =SUM(I7:I16) -> #REF! | J17: =SUM(J7:J16) -> #REF! | K17: =IF(D17=0,"N/A",(E17+F17+H17)/D17) -> #REF! | L17: =IF(D17=0,"N/A",E17/D17) -> #REF!

Sheet Config
A1: Lookup | B1: Values
A2: Priority | B2: High | C2: Medium | D2: Low
A3: Status | B3: Not test | C3: Passed | D3: Failed | E3: Pending | F3: Blocked
A4: Browser | B4: Chrome (latest) | C4: Safari (latest) | D4: Firefox (latest) | E4: Edge (latest)
A5: Default user | B5: alex@gpp.com (Platform Administrator)
A6: Roles | B6: Platform Administrator (Alex) | C6: Operations Coordinator (Sandra) | D6: Platform Configuration Manager (Rachel) | E6: Vendor & Access Administrator (James) | F6: Integration Coordinator (Priya)

Sheet RTM (Detail BRD)
A1: Project | B1: GPP Administration
A2: Document | B2: Internal_Administration_brd.md — detail-BRD traceability
A3: Generated | B3: 2026-06-10
A5: Detail Story ID | B5: Title | C5: Coverage | D5: Sheet | E5: Overview Equivalent

Sheet a. Access Management
A1: Project task | B1: GPP Administration | E1: Total | F1: =SUM(F2:F4) -> 0 | G1: =F1/$F$1 -> #DIV/0! | I1: Result
A2: Uploaded Date | B2: 2026-06-10 | E2: High | F2: =COUNTIF($J$5:$J$970,E2) -> 0 | G2: =F2/$F$1 -> #DIV/0! | I2: Passed | J2: =COUNTIF($L:$L,I2) -> 0
E3: Medium | F3: =COUNTIF($J$5:$J$970,E3) -> 0 | G3: =F3/$F$1 -> #DIV/0! | I3: Failed | J3: =COUNTIF($L:$L,I3) -> 0
E4: Low | F4: =COUNTIF($J$5:$J$970,E4) -> 0 | G4: =F4/$F$1 -> #DIV/0! | I4: Pending | J4: =COUNTIF($L:$L,I4) -> 0
I5: Blocked | J5: =COUNTIF($L:$L,I5) -> 0
I6: Not test | J6: =COUNTIF($L:$L,I6) -> 0
I7: Total | J7: =SUM(J2:J6) -> 0
A9: StoriesID | B9: Test cases ID | C9: Description | D9: Pre-Condition | E9: Browser | F9: Test Steps | G9: Test Data | H9: Expected Result | I9: Actual Result | J9: Priority | K9: PIC Test | L9: Status | M9: PIC Dev | N9: EVD | O9: Bug ID
A10: US-UAM-01 — View All User-Brand Associations
